No,Tanggal,Periode,Dosen,Kode MK,Mata Kuliah,Responden,Memberikan kesempatan bertanya dan berdiskusi,Memberikan kesempatan kepada mahasiswa untuk perbaikan nilai,Bersikap terbuka dalam menerima kritik dari mahasiswa,Metode pembelajaran yang digunakan mendorong keaktifan mahasiswa,Dosen menegakkan etika akademik dalam proses pembelajaran,Membuat suasana di kelas menyenangkan,Dosen membalas chat dengan cepat,Penyampaian materi jelas dan mudah dipahami,Memberikan tugas praktik (proyek),Dosen berkomunikasi dengan jelas dan sopan,Tidak membosankan,Memfasilitasi kunjungan industri/praktik lapangan,Menggunakan LCD,Menguasai materi yang diajarkan,Memberikan penilaian secara objektif dan terbuka,Menjelaskan Rencana Pembelajaran Semester (RPS) di awal semester,Dosen berpakaian rapi dan sopan,Materi perkuliahan sesuai dengan RPS,Mengaitkan materi kuliah dengan fakta kehidupan sehari-hari,Menggunakan media pembelajaran beragam,Dosen hadir tepat waktu dan konsisten dengan jadwal perkuliahan,Dosen menjadi contoh teladan yang baik,Materi perkuliahan sesuai dengan kemampuan mahasiswa,Hal paling baik dari dosen ini adalah,Hal yang perlu diperbaiki dari dosen ini adalah,Nilai Akhir
1,18/5/2026, 11.59.24,zNlxTNtfgfJ1xeOpZf8o,Miftahul Hairia, S.Pd., M.Pd,PD3206,Aplikasi Komputer,R0001,"","","","","","","","","","","","","","","","","","","","","","","","","",4.4
2,18/5/2026, 11.57.25,zNlxTNtfgfJ1xeOpZf8o,Fajar Ramadhan, S.Pd., M.T,PD3210,Data dan Sistem Informasi,R0002,"","","","","","","","","","","","","","","","","","","","","","","","","",5
3,18/5/2026, 12.05.31,zNlxTNtfgfJ1xeOpZf8o,Miftahul Hairia, S.Pd., M.Pd,PD3206,Aplikasi Komputer,R0003,"","","","","","","","","","","","","","","","","","","","","","","","","",4.266666666666667
4,14/7/2026, 16.58.47,zYynCm1cPesNcioablpt,Fajar Ramadhan, S.Pd., M.T,PD3210,Data dan Sistem Informasi,R0004,"4","4","4","4","4","4","4","4","4","4","4","4","4","4","4","4","4","4","4","4","4","4","4","baik dan ramah","tidak ada",4
5,18/5/2026, 11.56.28,zNlxTNtfgfJ1xeOpZf8o,Ariani Amri, S.Pd., M.Pd.,PD3208,Peralatan Teknik,R0005,"","","","","","","","","","","","","","","","","","","","","","","","","",5
6,18/5/2026, 11.56.01,zNlxTNtfgfJ1xeOpZf8o,Rahman Syam, S.Pd., M.Si,PD3207,Teknik Pengukuran,R0006,"","","","","","","","","","","","","","","","","","","","","","","","","",4
7,16/5/2026, 12.20.38,zNlxTNtfgfJ1xeOpZf8o,Rahman Syam, S.Pd., M.Si,PD3207,Teknik Pengukuran,R0007,"","","","","","","","","","","","","","","","","","","","","","","","","",4.2
8,18/5/2026, 11.55.10,zNlxTNtfgfJ1xeOpZf8o,Ariani Amri, S.Pd., M.Pd.,PD3208,Peralatan Teknik,R0008,"","","","","","","","","","","","","","","","","","","","","","","","","",4.2
9,18/5/2026, 12.12.18,zNlxTNtfgfJ1xeOpZf8o,Fajar Ramadhan, S.Pd., M.T,PD3210,Data dan Sistem Informasi,R0009,"","","","","","","","","","","","","","","","","","","","","","","","","",5
10,18/5/2026, 11.56.53,zNlxTNtfgfJ1xeOpZf8o,Fajar Ramadhan, S.Pd., M.T,PD3205,Keselamatan dan Kesehatan Kerja (K3),R0010,"","","","","","","","","","","","","","","","","","","","","","","","","",5
11,16/7/2026, 15.10.40,zYynCm1cPesNcioablpt,Muslim Andi Yusuf, S.H., M.H,WUD2206,Pendidikan Kewarganegaraan,R0011,"4","3","3","3","3","3","3","3","3","4","3","3","3","3","3","3","4","3","3","3","3","3","3","Cukup baik","TDK ada",3.130434782608696
12,18/5/2026, 11.55.14,zNlxTNtfgfJ1xeOpZf8o,Muslim Andi Yusuf, S.H., M.H,WUD2206,Pendidikan Kewarganegaraan,R0012,"","","","","","","","","","","","","","","","","","","","","","","","","",5
13,18/5/2026, 11.51.26,zNlxTNtfgfJ1xeOpZf8o,Fajar Ramadhan, S.Pd., M.T,PD3205,Keselamatan dan Kesehatan Kerja (K3),R0013,"","","","","","","","","","","","","","","","","","","","","","","","","",5
14,17/5/2026, 13.57.14,zNlxTNtfgfJ1xeOpZf8o,Ariani Amri, S.Pd., M.Pd.,PD3208,Peralatan Teknik,R0014,"","","","","","","","","","","","","","","","","","","","","","","","","",4.466666666666667
15,14/7/2026, 17.02.20,zYynCm1cPesNcioablpt,Gunawan Tari, S.T., M.T,PD3206,Aplikasi Komputer,R0015,"4","4","4","4","4","4","4","4","4","4","4","4","4","4","4","4","4","4","4","4","4","4","4","ramah","tidak ada",4
16,18/5/2026, 12.03.29,zNlxTNtfgfJ1xeOpZf8o,Fajar Ramadhan, S.Pd., M.T,PD3205,Keselamatan dan Kesehatan Kerja (K3),R0016,"","","","","","","","","","","","","","","","","","","","","","","","","",5
17,16/5/2026, 13.36.10,zNlxTNtfgfJ1xeOpZf8o,Miftahul Hairia, S.Pd., M.Pd,PD3209,Menggambar Teknik,R0017,"","","","","","","","","","","","","","","","","","","","","","","","","",4.8
18,18/5/2026, 12.03.11,zNlxTNtfgfJ1xeOpZf8o,Ariani Amri, S.Pd., M.Pd.,PD3208,Peralatan Teknik,R0018,"","","","","","","","","","","","","","","","","","","","","","","","","",4.8
19,14/7/2026, 17.01.39,zYynCm1cPesNcioablpt,Fajar Ramadhan, S.Pd., M.T,PD3208,Peralatan Teknik,R0019,"4","4","4","4","4","4","4","4","4","4","4","4","4","4","4","4","4","4","4","4","4","4","4","baik","tidak ada",4
20,18/5/2026, 11.59.39,zNlxTNtfgfJ1xeOpZf8o,Fajar Ramadhan, S.Pd., M.T,PD3205,Keselamatan dan Kesehatan Kerja (K3),R0020,"","","","","","","","","","","","","","","","","","","","","","","","","",4.733333333333333
21,18/5/2026, 11.53.17,zNlxTNtfgfJ1xeOpZf8o,Rahman Syam, S.Pd., M.Si,PD3207,Teknik Pengukuran,R0021,"","","","","","","","","","","","","","","","","","","","","","","","","",4.866666666666666
22,19/7/2026, 20.35.31,zYynCm1cPesNcioablpt,Fajar Ramadhan, S.Pd., M.T,PD3208,Peralatan Teknik,R0022,"5","5","5","5","5","5","5","5","5","5","5","5","5","5","5","5","5","5","5","5","5","5","5","ramah dan tidak pernah marah, murah senyum dan selalu memberikan materi yang mudah di mengerti","pertahankan hal baik jika perlu di kembangkan lagi",5
23,18/5/2026, 12.04.58,zNlxTNtfgfJ1xeOpZf8o,Miftahul Hairia, S.Pd., M.Pd,PD3209,Menggambar Teknik,R0023,"","","","","","","","","","","","","","","","","","","","","","","","","",4.2
24,18/5/2026, 11.56.37,zNlxTNtfgfJ1xeOpZf8o,Fajar Ramadhan, S.Pd., M.T,PD3205,Keselamatan dan Kesehatan Kerja (K3),R0024,"","","","","","","","","","","","","","","","","","","","","","","","","",5
25,18/5/2026, 12.03.11,zNlxTNtfgfJ1xeOpZf8o,Miftahul Hairia, S.Pd., M.Pd,PD3206,Aplikasi Komputer,R0025,"","","","","","","","","","","","","","","","","","","","","","","","","",5
26,16/5/2026, 13.24.57,zNlxTNtfgfJ1xeOpZf8o,Ariani Amri, S.Pd., M.Pd.,PD3208,Peralatan Teknik,R0026,"","","","","","","","","","","","","","","","","","","","","","","","","",5
27,18/5/2026, 11.56.43,zNlxTNtfgfJ1xeOpZf8o,Fajar Ramadhan, S.Pd., M.T,PD3205,Keselamatan dan Kesehatan Kerja (K3),R0027,"","","","","","","","","","","","","","","","","","","","","","","","","",5
28,18/5/2026, 12.07.07,zNlxTNtfgfJ1xeOpZf8o,Miftahul Hairia, S.Pd., M.Pd,PD3206,Aplikasi Komputer,R0028,"","","","","","","","","","","","","","","","","","","","","","","","","",4
29,22/5/2026, 04.22.31,zNlxTNtfgfJ1xeOpZf8o,Rahman Syam, S.Pd., M.Si,PD3207,Teknik Pengukuran,R0029,"","","","","","","","","","","","","","","","","","","","","","","","","",4.6
30,18/5/2026, 12.03.33,zNlxTNtfgfJ1xeOpZf8o,Rahman Syam, S.Pd., M.Si,PD3207,Teknik Pengukuran,R0030,"","","","","","","","","","","","","","","","","","","","","","","","","",5
31,16/7/2026, 16.03.01,zYynCm1cPesNcioablpt,Fajar Ramadhan, S.Pd., M.T,PD3210,Data dan Sistem Informasi,R0031,"4","4","4","4","4","4","4","4","4","4","4","4","4","4","4","4","4","4","4","4","4","4","5","Terbaikk, selalu ramahh kepada mahasiswa","Tdk adaa",4.043478260869565
32,18/5/2026, 11.59.30,zNlxTNtfgfJ1xeOpZf8o,Muslim Andi Yusuf, S.H., M.H,WUD2206,Pendidikan Kewarganegaraan,R0032,"","","","","","","","","","","","","","","","","","","","","","","","","",3.3333333333333335
33,18/5/2026, 12.04.47,zNlxTNtfgfJ1xeOpZf8o,Muslim Andi Yusuf, S.H., M.H,WUD2206,Pendidikan Kewarganegaraan,R0033,"","","","","","","","","","","","","","","","","","","","","","","","","",3.7333333333333334
34,18/5/2026, 12.04.57,zNlxTNtfgfJ1xeOpZf8o,Miftahul Hairia, S.Pd., M.Pd,PD3209,Menggambar Teknik,R0034,"","","","","","","","","","","","","","","","","","","","","","","","","",3
35,18/5/2026, 12.04.50,zNlxTNtfgfJ1xeOpZf8o,Miftahul Hairia, S.Pd., M.Pd,PD3206,Aplikasi Komputer,R0035,"","","","","","","","","","","","","","","","","","","","","","","","","",5
36,18/5/2026, 12.10.59,zNlxTNtfgfJ1xeOpZf8o,Muslim Andi Yusuf, S.H., M.H,WUD2206,Pendidikan Kewarganegaraan,R0036,"","","","","","","","","","","","","","","","","","","","","","","","","",3
37,14/7/2026, 16.56.56,zYynCm1cPesNcioablpt,Miftahul Hairia, S.Pd., M.Pd,PD3205,Keselamatan dan Kesehatan Kerja (K3),R0037,"4","4","4","4","4","4","4","4","4","4","4","4","4","3","4","4","4","4","4","4","4","4","4","ramaj","tidak ada",3.9565217391304346
38,18/5/2026, 12.00.22,zNlxTNtfgfJ1xeOpZf8o,Rahman Syam, S.Pd., M.Si,PD3207,Teknik Pengukuran,R0038,"","","","","","","","","","","","","","","","","","","","","","","","","",4.933333333333334
39,18/5/2026, 12.03.39,zNlxTNtfgfJ1xeOpZf8o,Miftahul Hairia, S.Pd., M.Pd,PD3209,Menggambar Teknik,R0039,"","","","","","","","","","","","","","","","","","","","","","","","","",5
40,18/5/2026, 11.57.26,zNlxTNtfgfJ1xeOpZf8o,Miftahul Hairia, S.Pd., M.Pd,PD3206,Aplikasi Komputer,R0040,"","","","","","","","","","","","","","","","","","","","","","","","","",2.066666666666667
41,16/5/2026, 12.03.06,zNlxTNtfgfJ1xeOpZf8o,Fajar Ramadhan, S.Pd., M.T,PD3205,Keselamatan dan Kesehatan Kerja (K3),R0041,"","","","","","","","","","","","","","","","","","","","","","","","","",4.466666666666667
42,16/7/2026, 10.36.19,zYynCm1cPesNcioablpt,Gunawan Tari, S.T., M.T,PD3206,Aplikasi Komputer,R0042,"3","4","4","2","2","3","4","2","2","4","3","2","3","3","3","2","5","3","3","2","1","2","2","ramah dan sopan, baik","tepat waktu datang sesusai jadwal yang ditentukan!",2.782608695652174
43,16/5/2026, 12.05.38,zNlxTNtfgfJ1xeOpZf8o,Miftahul Hairia, S.Pd., M.Pd,PD3206,Aplikasi Komputer,R0043,"","","","","","","","","","","","","","","","","","","","","","","","","",4.2
44,18/5/2026, 11.58.14,zNlxTNtfgfJ1xeOpZf8o,Ariani Amri, S.Pd., M.Pd.,PD3208,Peralatan Teknik,R0044,"","","","","","","","","","","","","","","","","","","","","","","","","",4.666666666666667
45,16/7/2026, 08.59.07,zYynCm1cPesNcioablpt,Gunawan Tari, S.T., M.T,PD3206,Aplikasi Komputer,R0045,"3","3","3","3","3","3","3","3","3","3","3","3","3","3","3","3","3","3","3","3","3","3","3","Cukup baik","Tolong lebih rajin datang ke kampus untuk mengajar🙏",3
46,18/5/2026, 12.04.01,zNlxTNtfgfJ1xeOpZf8o,Fajar Ramadhan, S.Pd., M.T,PD3205,Keselamatan dan Kesehatan Kerja (K3),R0046,"","","","","","","","","","","","","","","","","","","","","","","","","",5
47,18/5/2026, 11.55.05,zNlxTNtfgfJ1xeOpZf8o,Muslim Andi Yusuf, S.H., M.H,WUD2206,Pendidikan Kewarganegaraan,R0047,"","","","","","","","","","","","","","","","","","","","","","","","","",4.2
48,14/7/2026, 17.03.11,zYynCm1cPesNcioablpt,Muslim Andi Yusuf, S.H., M.H,WUD2206,Pendidikan Kewarganegaraan,R0048,"4","4","4","4","4","4","4","4","4","4","4","4","4","4","4","4","4","4","4","4","4","4","4","ramah","tidak ada",4
49,16/5/2026, 11.36.16,zNlxTNtfgfJ1xeOpZf8o,Fajar Ramadhan, S.Pd., M.T,PD3210,Data dan Sistem Informasi,R0049,"","","","","","","","","","","","","","","","","","","","","","","","","",4.666666666666667
50,19/7/2026, 20.16.00,zYynCm1cPesNcioablpt,Miftahul Hairia, S.Pd., M.Pd,PD3209,Menggambar Teknik,R0050,"4","4","4","4","4","4","4","4","4","4","4","4","4","4","4","4","4","4","4","4","4","4","4","Baik, ramah, sopan","Tidak ada",4
51,19/7/2026, 20.27.24,zYynCm1cPesNcioablpt,Fajar Ramadhan, S.Pd., M.T,PD3210,Data dan Sistem Informasi,R0051,"5","5","5","5","5","5","5","5","5","5","5","5","5","5","5","5","5","5","5","5","5","5","5","Penjelasan yang baik dan dapat dj mengerti mahasiswa dan ramah, selalu memberikan teori yang baik dan tidak pernah marah","cukup di pertahankan hal yang baik di atas atau jika bisa di kembangkan lagi agar mahasiswa lebih senang",5
52,16/7/2026, 16.00.43,zYynCm1cPesNcioablpt,Miftahul Hairia, S.Pd., M.Pd,PD3205,Keselamatan dan Kesehatan Kerja (K3),R0052,"3","3","3","3","4","3","4","3","4","4","3","3","4","3","4","3","4","3","4","3","4","3","4","Baik dan ramah senyum","Tdk adaa",3.4347826086956523
53,18/5/2026, 12.00.26,zNlxTNtfgfJ1xeOpZf8o,Fajar Ramadhan, S.Pd., M.T,PD3210,Data dan Sistem Informasi,R0053,"","","","","","","","","","","","","","","","","","","","","","","","","",4.2
54,19/7/2026, 20.15.10,zYynCm1cPesNcioablpt,Gunawan Tari, S.T., M.T,PD3206,Aplikasi Komputer,R0054,"3","3","3","3","3","4","3","2","4","3","4","3","4","3","3","3","3","3","3","3","3","3","3","Ramah sopan","Tdk tepat waktu",3.130434782608696
55,18/5/2026, 12.01.17,zNlxTNtfgfJ1xeOpZf8o,Miftahul Hairia, S.Pd., M.Pd,PD3209,Menggambar Teknik,R0055,"","","","","","","","","","","","","","","","","","","","","","","","","",4.933333333333334
56,18/5/2026, 11.56.18,zNlxTNtfgfJ1xeOpZf8o,Miftahul Hairia, S.Pd., M.Pd,PD3206,Aplikasi Komputer,R0056,"","","","","","","","","","","","","","","","","","","","","","","","","",2.8666666666666667
57,16/5/2026, 13.33.26,zNlxTNtfgfJ1xeOpZf8o,Fajar Ramadhan, S.Pd., M.T,PD3210,Data dan Sistem Informasi,R0057,"","","","","","","","","","","","","","","","","","","","","","","","","",5
58,18/5/2026, 12.01.07,zNlxTNtfgfJ1xeOpZf8o,Ariani Amri, S.Pd., M.Pd.,PD3208,Peralatan Teknik,R0058,"","","","","","","","","","","","","","","","","","","","","","","","","",5
59,19/7/2026, 20.16.58,zYynCm1cPesNcioablpt,Muslim Andi Yusuf, S.H., M.H,WUD2206,Pendidikan Kewarganegaraan,R0059,"4","3","4","3","4","3","4","3","4","3","4","3","4","3","4","3","4","3","4","3","4","3","4","Baguss, ramah, dan sopan","Tidak ada",3.5217391304347827
60,16/5/2026, 11.41.58,zNlxTNtfgfJ1xeOpZf8o,Miftahul Hairia, S.Pd., M.Pd,PD3206,Aplikasi Komputer,R0060,"","","","","","","","","","","","","","","","","","","","","","","","","",4
61,16/5/2026, 11.38.23,zNlxTNtfgfJ1xeOpZf8o,Rahman Syam, S.Pd., M.Si,PD3207,Teknik Pengukuran,R0061,"","","","","","","","","","","","","","","","","","","","","","","","","",4.466666666666667
62,18/5/2026, 12.08.18,zNlxTNtfgfJ1xeOpZf8o,Ariani Amri, S.Pd., M.Pd.,PD3208,Peralatan Teknik,R0062,"","","","","","","","","","","","","","","","","","","","","","","","","",4
63,18/5/2026, 11.53.14,zNlxTNtfgfJ1xeOpZf8o,Muslim Andi Yusuf, S.H., M.H,WUD2206,Pendidikan Kewarganegaraan,R0063,"","","","","","","","","","","","","","","","","","","","","","","","","",3.533333333333333
64,19/7/2026, 20.30.40,zYynCm1cPesNcioablpt,Gunawan Tari, S.T., M.T,PD3209,Menggambar Teknik,R0064,"5","5","5","5","5","5","5","5","5","5","5","5","5","5","5","5","5","5","5","5","5","5","5","ramah dan tidak pernah marah","hanya sering terlambat saja",5
65,16/7/2026, 16.03.54,zYynCm1cPesNcioablpt,Rahman Syam, S.Pd., M.Si,PD3207,Teknik Pengukuran,R0065,"4","4","4","4","3","4","3","4","3","4","3","4","3","4","3","4","3","4","3","4","3","4","3","Baik dan ramah","Tdk ada",3.5652173913043477
66,18/5/2026, 12.04.51,zNlxTNtfgfJ1xeOpZf8o,Fajar Ramadhan, S.Pd., M.T,PD3210,Data dan Sistem Informasi,R0066,"","","","","","","","","","","","","","","","","","","","","","","","","",5
67,15/5/2026, 23.31.17,zNlxTNtfgfJ1xeOpZf8o,Muslim Andi Yusuf, S.H., M.H,WUD2206,Pendidikan Kewarganegaraan,R0067,"","","","","","","","","","","","","","","","","","","","","","","","","",4.933333333333334
68,19/7/2026, 20.33.19,zYynCm1cPesNcioablpt,Miftahul Hairia, S.Pd., M.Pd,PD3205,Keselamatan dan Kesehatan Kerja (K3),R0068,"5","5","5","5","5","5","5","5","5","5","5","5","5","5","5","5","5","5","5","5","5","5","5","Ramah, tidak pernah marah, dan selalu senyum saat mengajar yang membuat mahasiswa jadi lebih senang","Pertahankan hal yang baik jika bisa di kembangkan lagi",5
69,18/5/2026, 12.00.48,zNlxTNtfgfJ1xeOpZf8o,Rahman Syam, S.Pd., M.Si,PD3207,Teknik Pengukuran,R0069,"","","","","","","","","","","","","","","","","","","","","","","","","",5
70,16/7/2026, 08.56.01,zYynCm1cPesNcioablpt,Miftahul Hairia, S.Pd., M.Pd,PD3205,Keselamatan dan Kesehatan Kerja (K3),R0070,"4","3","4","3","4","4","5","4","3","4","4","3","4","3","4","4","4","4","3","3","3","4","3","Baik dalam mengajar mahasiswa nya","TDK ada",3.652173913043478
71,19/7/2026, 20.21.36,zYynCm1cPesNcioablpt,Gunawan Tari, S.T., M.T,PD3206,Aplikasi Komputer,R0071,"5","5","5","4","4","5","5","5","5","5","5","5","5","5","5","5","5","5","5","5","5","5","5","Tidak pernah marah","semuanya baik hanya terlambat masuk kelas saja",4.913043478260869
72,18/5/2026, 12.04.35,zNlxTNtfgfJ1xeOpZf8o,Miftahul Hairia, S.Pd., M.Pd,PD3209,Menggambar Teknik,R0072,"","","","","","","","","","","","","","","","","","","","","","","","","",5
73,15/5/2026, 23.32.55,zNlxTNtfgfJ1xeOpZf8o,Ariani Amri, S.Pd., M.Pd.,PD3208,Peralatan Teknik,R0073,"","","","","","","","","","","","","","","","","","","","","","","","","",5
74,22/5/2026, 04.30.34,zNlxTNtfgfJ1xeOpZf8o,Fajar Ramadhan, S.Pd., M.T,PD3205,Keselamatan dan Kesehatan Kerja (K3),R0074,"","","","","","","","","","","","","","","","","","","","","","","","","",4.866666666666666
75,16/5/2026, 11.39.45,zNlxTNtfgfJ1xeOpZf8o,Miftahul Hairia, S.Pd., M.Pd,PD3209,Menggambar Teknik,R0075,"","","","","","","","","","","","","","","","","","","","","","","","","",4
76,16/5/2026, 13.38.11,zNlxTNtfgfJ1xeOpZf8o,Miftahul Hairia, S.Pd., M.Pd,PD3206,Aplikasi Komputer,R0076,"","","","","","","","","","","","","","","","","","","","","","","","","",4.933333333333334
77,16/7/2026, 09.02.56,zYynCm1cPesNcioablpt,Fajar Ramadhan, S.Pd., M.T,PD3210,Data dan Sistem Informasi,R0077,"4","4","4","4","4","3","3","4","5","4","3","3","4","5","4","4","3","3","4","4","4","4","3","Baik dalam mengajarkan mahasiswa","TDK ada",3.782608695652174
78,18/5/2026, 11.59.07,zNlxTNtfgfJ1xeOpZf8o,Rahman Syam, S.Pd., M.Si,PD3207,Teknik Pengukuran,R0078,"","","","","","","","","","","","","","","","","","","","","","","","","",3
79,18/5/2026, 11.55.08,zNlxTNtfgfJ1xeOpZf8o,Fajar Ramadhan, S.Pd., M.T,PD3210,Data dan Sistem Informasi,R0079,"","","","","","","","","","","","","","","","","","","","","","","","","",4.666666666666667
80,18/5/2026, 11.58.07,zNlxTNtfgfJ1xeOpZf8o,Miftahul Hairia, S.Pd., M.Pd,PD3206,Aplikasi Komputer,R0080,"","","","","","","","","","","","","","","","","","","","","","","","","",3
81,18/5/2026, 12.01.52,zNlxTNtfgfJ1xeOpZf8o,Fajar Ramadhan, S.Pd., M.T,PD3205,Keselamatan dan Kesehatan Kerja (K3),R0081,"","","","","","","","","","","","","","","","","","","","","","","","","",4.4
82,18/5/2026, 12.02.23,zNlxTNtfgfJ1xeOpZf8o,Rahman Syam, S.Pd., M.Si,PD3207,Teknik Pengukuran,R0082,"","","","","","","","","","","","","","","","","","","","","","","","","",4
83,16/5/2026, 13.15.01,zNlxTNtfgfJ1xeOpZf8o,Miftahul Hairia, S.Pd., M.Pd,PD3206,Aplikasi Komputer,R0083,"","","","","","","","","","","","","","","","","","","","","","","","","",4.066666666666666
84,18/5/2026, 12.01.28,zNlxTNtfgfJ1xeOpZf8o,Miftahul Hairia, S.Pd., M.Pd,PD3206,Aplikasi Komputer,R0084,"","","","","","","","","","","","","","","","","","","","","","","","","",4.2
85,16/5/2026, 11.35.05,zNlxTNtfgfJ1xeOpZf8o,Fajar Ramadhan, S.Pd., M.T,PD3205,Keselamatan dan Kesehatan Kerja (K3),R0085,"","","","","","","","","","","","","","","","","","","","","","","","","",4.666666666666667
86,18/5/2026, 11.54.35,zNlxTNtfgfJ1xeOpZf8o,Fajar Ramadhan, S.Pd., M.T,PD3205,Keselamatan dan Kesehatan Kerja (K3),R0086,"","","","","","","","","","","","","","","","","","","","","","","","","",5
87,18/5/2026, 11.59.29,zNlxTNtfgfJ1xeOpZf8o,Miftahul Hairia, S.Pd., M.Pd,PD3209,Menggambar Teknik,R0087,"","","","","","","","","","","","","","","","","","","","","","","","","",3
88,14/7/2026, 17.00.44,zYynCm1cPesNcioablpt,Gunawan Tari, S.T., M.T,PD3209,Menggambar Teknik,R0088,"4","4","4","4","4","4","4","4","4","4","4","4","4","4","4","4","4","4","4","4","4","4","4","baik","tidak ada",4
89,18/5/2026, 11.55.22,zNlxTNtfgfJ1xeOpZf8o,Muslim Andi Yusuf, S.H., M.H,WUD2206,Pendidikan Kewarganegaraan,R0089,"","","","","","","","","","","","","","","","","","","","","","","","","",3.2
90,18/5/2026, 11.53.34,zNlxTNtfgfJ1xeOpZf8o,Muslim Andi Yusuf, S.H., M.H,WUD2206,Pendidikan Kewarganegaraan,R0090,"","","","","","","","","","","","","","","","","","","","","","","","","",3.066666666666667
91,16/5/2026, 13.32.38,zNlxTNtfgfJ1xeOpZf8o,Fajar Ramadhan, S.Pd., M.T,PD3205,Keselamatan dan Kesehatan Kerja (K3),R0091,"","","","","","","","","","","","","","","","","","","","","","","","","",5
92,16/5/2026, 13.29.33,zNlxTNtfgfJ1xeOpZf8o,Muslim Andi Yusuf, S.H., M.H,WUD2206,Pendidikan Kewarganegaraan,R0092,"","","","","","","","","","","","","","","","","","","","","","","","","",4.133333333333334
93,22/5/2026, 10.54.53,zNlxTNtfgfJ1xeOpZf8o,Ariani Amri, S.Pd., M.Pd.,WP2021,Praktik Dunia Kerja 1,R0093,"","","","","","","","","","","","","","","","","","","","","","","","","",4.4
94,18/5/2026, 11.57.37,zNlxTNtfgfJ1xeOpZf8o,Muslim Andi Yusuf, S.H., M.H,WUD2206,Pendidikan Kewarganegaraan,R0094,"","","","","","","","","","","","","","","","","","","","","","","","","",3.8
95,18/5/2026, 11.57.42,zNlxTNtfgfJ1xeOpZf8o,Miftahul Hairia, S.Pd., M.Pd,PD3206,Aplikasi Komputer,R0095,"","","","","","","","","","","","","","","","","","","","","","","","","",3.4
96,18/5/2026, 11.54.08,zNlxTNtfgfJ1xeOpZf8o,Fajar Ramadhan, S.Pd., M.T,PD3210,Data dan Sistem Informasi,R0096,"","","","","","","","","","","","","","","","","","","","","","","","","",5
97,16/5/2026, 13.20.45,zNlxTNtfgfJ1xeOpZf8o,Rahman Syam, S.Pd., M.Si,PD3207,Teknik Pengukuran,R0097,"","","","","","","","","","","","","","","","","","","","","","","","","",4.533333333333333
98,18/5/2026, 11.52.50,zNlxTNtfgfJ1xeOpZf8o,Miftahul Hairia, S.Pd., M.Pd,PD3209,Menggambar Teknik,R0098,"","","","","","","","","","","","","","","","","","","","","","","","","",3.8
99,16/5/2026, 12.18.58,zNlxTNtfgfJ1xeOpZf8o,Miftahul Hairia, S.Pd., M.Pd,PD3209,Menggambar Teknik,R0099,"","","","","","","","","","","","","","","","","","","","","","","","","",4.133333333333334
100,18/5/2026, 11.59.48,zNlxTNtfgfJ1xeOpZf8o,Miftahul Hairia, S.Pd., M.Pd,PD3209,Menggambar Teknik,R0100,"","","","","","","","","","","","","","","","","","","","","","","","","",3.7333333333333334
101,18/5/2026, 12.08.39,zNlxTNtfgfJ1xeOpZf8o,Ariani Amri, S.Pd., M.Pd.,PD3208,Peralatan Teknik,R0101,"","","","","","","","","","","","","","","","","","","","","","","","","",4.666666666666667
102,16/5/2026, 13.32.02,zNlxTNtfgfJ1xeOpZf8o,Fajar Ramadhan, S.Pd., M.T,PD3205,Keselamatan dan Kesehatan Kerja (K3),R0102,"","","","","","","","","","","","","","","","","","","","","","","","","",5
103,18/5/2026, 12.01.35,zNlxTNtfgfJ1xeOpZf8o,Fajar Ramadhan, S.Pd., M.T,PD3205,Keselamatan dan Kesehatan Kerja (K3),R0103,"","","","","","","","","","","","","","","","","","","","","","","","","",5
104,16/7/2026, 15.19.11,zYynCm1cPesNcioablpt,Ariani Amri, S.Pd., M.Pd.,PD3208,Peralatan Teknik,R0104,"4","3","3","3","4","3","4","3","3","4","3","3","3","3","3","3","4","3","3","3","4","4","3","Baik dalam mengajar","TDK ada",3.3043478260869565
105,18/5/2026, 12.03.48,zNlxTNtfgfJ1xeOpZf8o,Rahman Syam, S.Pd., M.Si,PD3207,Teknik Pengukuran,R0105,"","","","","","","","","","","","","","","","","","","","","","","","","",4.733333333333333
106,22/5/2026, 04.04.22,zNlxTNtfgfJ1xeOpZf8o,Miftahul Hairia, S.Pd., M.Pd,PD3209,Menggambar Teknik,R0106,"","","","","","","","","","","","","","","","","","","","","","","","","",3.8
107,18/5/2026, 11.56.05,zNlxTNtfgfJ1xeOpZf8o,Ariani Amri, S.Pd., M.Pd.,PD3208,Peralatan Teknik,R0107,"","","","","","","","","","","","","","","","","","","","","","","","","",5
108,22/5/2026, 04.25.36,zNlxTNtfgfJ1xeOpZf8o,Miftahul Hairia, S.Pd., M.Pd,PD3206,Aplikasi Komputer,R0108,"","","","","","","","","","","","","","","","","","","","","","","","","",4.4
109,18/5/2026, 11.59.29,zNlxTNtfgfJ1xeOpZf8o,Fajar Ramadhan, S.Pd., M.T,PD3205,Keselamatan dan Kesehatan Kerja (K3),R0109,"","","","","","","","","","","","","","","","","","","","","","","","","",5
110,18/5/2026, 12.05.35,zNlxTNtfgfJ1xeOpZf8o,Fajar Ramadhan, S.Pd., M.T,PD3210,Data dan Sistem Informasi,R0110,"","","","","","","","","","","","","","","","","","","","","","","","","",5
111,18/5/2026, 12.04.41,zNlxTNtfgfJ1xeOpZf8o,Miftahul Hairia, S.Pd., M.Pd,PD3209,Menggambar Teknik,R0111,"","","","","","","","","","","","","","","","","","","","","","","","","",4
112,16/7/2026, 15.15.10,zYynCm1cPesNcioablpt,Gunawan Tari, S.T., M.T,PD3209,Menggambar Teknik,R0112,"3","3","3","3","3","3","3","3","3","3","3","2","3","3","3","3","3","3","3","3","2","3","3","Baik","Pesan saya jangan terlalu sering terlambat datang untuk mengajar terima kasih",2.9130434782608696
113,18/5/2026, 12.01.38,zNlxTNtfgfJ1xeOpZf8o,Rahman Syam, S.Pd., M.Si,PD3207,Teknik Pengukuran,R0113,"","","","","","","","","","","","","","","","","","","","","","","","","",5
114,18/5/2026, 11.55.15,zNlxTNtfgfJ1xeOpZf8o,Rahman Syam, S.Pd., M.Si,PD3207,Teknik Pengukuran,R0114,"","","","","","","","","","","","","","","","","","","","","","","","","",5
115,18/5/2026, 11.51.01,zNlxTNtfgfJ1xeOpZf8o,Ariani Amri, S.Pd., M.Pd.,PD3208,Peralatan Teknik,R0115,"","","","","","","","","","","","","","","","","","","","","","","","","",5
116,18/5/2026, 11.58.48,zNlxTNtfgfJ1xeOpZf8o,Miftahul Hairia, S.Pd., M.Pd,PD3209,Menggambar Teknik,R0116,"","","","","","","","","","","","","","","","","","","","","","","","","",4.266666666666667
117,15/5/2026, 23.28.08,zNlxTNtfgfJ1xeOpZf8o,Fajar Ramadhan, S.Pd., M.T,PD3205,Keselamatan dan Kesehatan Kerja (K3),R0117,"","","","","","","","","","","","","","","","","","","","","","","","","",5
118,18/5/2026, 12.00.32,zNlxTNtfgfJ1xeOpZf8o,Fajar Ramadhan, S.Pd., M.T,PD3210,Data dan Sistem Informasi,R0118,"","","","","","","","","","","","","","","","","","","","","","","","","",5
119,22/5/2026, 04.17.28,zNlxTNtfgfJ1xeOpZf8o,Fajar Ramadhan, S.Pd., M.T,PD3210,Data dan Sistem Informasi,R0119,"","","","","","","","","","","","","","","","","","","","","","","","","",4.866666666666666
120,18/5/2026, 12.02.52,zNlxTNtfgfJ1xeOpZf8o,Muslim Andi Yusuf, S.H., M.H,WUD2206,Pendidikan Kewarganegaraan,R0120,"","","","","","","","","","","","","","","","","","","","","","","","","",3.8
121,18/5/2026, 11.54.40,zNlxTNtfgfJ1xeOpZf8o,Ariani Amri, S.Pd., M.Pd.,PD3208,Peralatan Teknik,R0121,"","","","","","","","","","","","","","","","","","","","","","","","","",4.866666666666666
122,16/5/2026, 13.41.26,zNlxTNtfgfJ1xeOpZf8o,Muslim Andi Yusuf, S.H., M.H,WUD2206,Pendidikan Kewarganegaraan,R0122,"","","","","","","","","","","","","","","","","","","","","","","","","",4.733333333333333
123,19/7/2026, 20.24.39,zYynCm1cPesNcioablpt,Muslim Andi Yusuf, S.H., M.H,WUD2206,Pendidikan Kewarganegaraan,R0123,"5","5","5","5","5","5","5","5","5","5","5","5","5","5","5","5","5","5","5","5","5","5","5","dosen yang asik dan gaul ke mahasiswa dan tidak pernah marah","Pertahankan hal yang baiknya saja",5
124,16/5/2026, 11.43.10,zNlxTNtfgfJ1xeOpZf8o,Muslim Andi Yusuf, S.H., M.H,WUD2206,Pendidikan Kewarganegaraan,R0124,"","","","","","","","","","","","","","","","","","","","","","","","","",4.333333333333333
125,18/5/2026, 12.03.11,zNlxTNtfgfJ1xeOpZf8o,Ariani Amri, S.Pd., M.Pd.,PD3208,Peralatan Teknik,R0125,"","","","","","","","","","","","","","","","","","","","","","","","","",5
126,15/5/2026, 23.31.58,zNlxTNtfgfJ1xeOpZf8o,Rahman Syam, S.Pd., M.Si,PD3207,Teknik Pengukuran,R0126,"","","","","","","","","","","","","","","","","","","","","","","","","",5
127,22/5/2026, 04.32.22,zNlxTNtfgfJ1xeOpZf8o,Ariani Amri, S.Pd., M.Pd.,PD3208,Peralatan Teknik,R0127,"","","","","","","","","","","","","","","","","","","","","","","","","",4.866666666666666
128,19/7/2026, 20.23.20,zYynCm1cPesNcioablpt,Rahman Syam, S.Pd., M.Si,PD3207,Teknik Pengukuran,R0128,"5","5","5","5","5","5","5","5","5","5","5","5","5","5","5","5","5","5","5","5","5","5","5","tidak pernah marah dan selalu ramah ke semua mahasiswa","hanya perlu di pertahankan hal yang baiknya",5
129,18/5/2026, 11.58.15,zNlxTNtfgfJ1xeOpZf8o,Fajar Ramadhan, S.Pd., M.T,PD3210,Data dan Sistem Informasi,R0129,"","","","","","","","","","","","","","","","","","","","","","","","","",5
130,18/5/2026, 12.07.24,zNlxTNtfgfJ1xeOpZf8o,Rahman Syam, S.Pd., M.Si,PD3207,Teknik Pengukuran,R0130,"","","","","","","","","","","","","","","","","","","","","","","","","",1.8
131,18/5/2026, 12.00.46,zNlxTNtfgfJ1xeOpZf8o,Rahman Syam, S.Pd., M.Si,PD3207,Teknik Pengukuran,R0131,"","","","","","","","","","","","","","","","","","","","","","","","","",3.8666666666666667
132,16/5/2026, 13.40.05,zNlxTNtfgfJ1xeOpZf8o,Rahman Syam, S.Pd., M.Si,PD3207,Teknik Pengukuran,R0132,"","","","","","","","","","","","","","","","","","","","","","","","","",4.466666666666667
133,18/5/2026, 12.03.51,zNlxTNtfgfJ1xeOpZf8o,Rahman Syam, S.Pd., M.Si,PD3207,Teknik Pengukuran,R0133,"","","","","","","","","","","","","","","","","","","","","","","","","",5
134,16/5/2026, 12.08.58,zNlxTNtfgfJ1xeOpZf8o,Fajar Ramadhan, S.Pd., M.T,PD3210,Data dan Sistem Informasi,R0134,"","","","","","","","","","","","","","","","","","","","","","","","","",4.266666666666667
135,16/7/2026, 15.52.43,zYynCm1cPesNcioablpt,Muslim Andi Yusuf, S.H., M.H,WUD2206,Pendidikan Kewarganegaraan,R0135,"5","4","4","4","4","3","3","4","3","4","3","2","3","4","4","3","4","3","4","3","4","3","4","-","-",3.5652173913043477
136,16/5/2026, 11.30.12,zNlxTNtfgfJ1xeOpZf8o,Miftahul Hairia, S.Pd., M.Pd,PD3209,Menggambar Teknik,R0136,"","","","","","","","","","","","","","","","","","","","","","","","","",5
137,18/5/2026, 11.55.21,zNlxTNtfgfJ1xeOpZf8o,Muslim Andi Yusuf, S.H., M.H,WUD2206,Pendidikan Kewarganegaraan,R0137,"","","","","","","","","","","","","","","","","","","","","","","","","",5
138,18/5/2026, 12.01.13,zNlxTNtfgfJ1xeOpZf8o,Fajar Ramadhan, S.Pd., M.T,PD3210,Data dan Sistem Informasi,R0138,"","","","","","","","","","","","","","","","","","","","","","","","","",5
139,14/7/2026, 16.59.48,zYynCm1cPesNcioablpt,Rahman Syam, S.Pd., M.Si,PD3207,Teknik Pengukuran,R0139,"4","4","4","4","4","4","4","4","4","4","4","4","4","4","4","4","4","4","4","4","4","4","4","sangat ramah","tidak ada",4
140,16/7/2026, 15.17.20,zYynCm1cPesNcioablpt,Rahman Syam, S.Pd., M.Si,PD3207,Teknik Pengukuran,R0140,"3","4","4","3","3","4","4","3","3","4","4","3","3","4","3","3","4","3","3","3","3","3","3","Cukup baik dalam mengajar","TDK ada",3.347826086956522
141,18/5/2026, 11.55.22,zNlxTNtfgfJ1xeOpZf8o,Muslim Andi Yusuf, S.H., M.H,WUD2206,Pendidikan Kewarganegaraan,R0141,"","","","","","","","","","","","","","","","","","","","","","","","","",5
142,18/5/2026, 11.51.51,zNlxTNtfgfJ1xeOpZf8o,Fajar Ramadhan, S.Pd., M.T,PD3210,Data dan Sistem Informasi,R0142,"","","","","","","","","","","","","","","","","","","","","","","","","",5
143,16/7/2026, 15.58.58,zYynCm1cPesNcioablpt,Ariani Amri, S.Pd., M.Pd.,PD3208,Peralatan Teknik,R0143,"4","3","3","4","4","4","4","4","4","4","4","4","4","4","4","4","4","4","4","4","4","4","4","Baik, ramah","Tidak ada",3.9130434782608696
144,18/5/2026, 12.05.19,zNlxTNtfgfJ1xeOpZf8o,Miftahul Hairia, S.Pd., M.Pd,PD3209,Menggambar Teknik,R0144,"","","","","","","","","","","","","","","","","","","","","","","","","",4.733333333333333
145,18/5/2026, 11.55.22,zNlxTNtfgfJ1xeOpZf8o,Fajar Ramadhan, S.Pd., M.T,PD3210,Data dan Sistem Informasi,R0145,"","","","","","","","","","","","","","","","","","","","","","","","","",5
146,16/5/2026, 12.10.38,zNlxTNtfgfJ1xeOpZf8o,Ariani Amri, S.Pd., M.Pd.,PD3208,Peralatan Teknik,R0146,"","","","","","","","","","","","","","","","","","","","","","","","","",4.266666666666667
147,18/5/2026, 12.05.17,zNlxTNtfgfJ1xeOpZf8o,Ariani Amri, S.Pd., M.Pd.,PD3208,Peralatan Teknik,R0147,"","","","","","","","","","","","","","","","","","","","","","","","","",3.933333333333333
148,18/5/2026, 12.02.17,zNlxTNtfgfJ1xeOpZf8o,Fajar Ramadhan, S.Pd., M.T,PD3210,Data dan Sistem Informasi,R0148,"","","","","","","","","","","","","","","","","","","","","","","","","",5
149,18/5/2026, 11.59.27,zNlxTNtfgfJ1xeOpZf8o,Ariani Amri, S.Pd., M.Pd.,PD3208,Peralatan Teknik,R0149,"","","","","","","","","","","","","","","","","","","","","","","","","",5
150,18/5/2026, 11.59.39,zNlxTNtfgfJ1xeOpZf8o,Miftahul Hairia, S.Pd., M.Pd,PD3209,Menggambar Teknik,R0150,"","","","","","","","","","","","","","","","","","","","","","","","","",2.4
151,15/5/2026, 23.30.29,zNlxTNtfgfJ1xeOpZf8o,Miftahul Hairia, S.Pd., M.Pd,PD3206,Aplikasi Komputer,R0151,"","","","","","","","","","","","","","","","","","","","","","","","","",4.933333333333334
152,18/5/2026, 11.59.00,zNlxTNtfgfJ1xeOpZf8o,Fajar Ramadhan, S.Pd., M.T,PD3210,Data dan Sistem Informasi,R0152,"","","","","","","","","","","","","","","","","","","","","","","","","",5
153,16/5/2026, 12.17.48,zNlxTNtfgfJ1xeOpZf8o,Muslim Andi Yusuf, S.H., M.H,WUD2206,Pendidikan Kewarganegaraan,R0153,"","","","","","","","","","","","","","","","","","","","","","","","","",4.066666666666666
154,16/5/2026, 13.37.13,zNlxTNtfgfJ1xeOpZf8o,Ariani Amri, S.Pd., M.Pd.,PD3208,Peralatan Teknik,R0154,"","","","","","","","","","","","","","","","","","","","","","","","","",5
155,22/5/2026, 04.28.21,zNlxTNtfgfJ1xeOpZf8o,Muslim Andi Yusuf, S.H., M.H,WUD2206,Pendidikan Kewarganegaraan,R0155,"","","","","","","","","","","","","","","","","","","","","","","","","",4.666666666666667
156,18/5/2026, 12.02.07,zNlxTNtfgfJ1xeOpZf8o,Fajar Ramadhan, S.Pd., M.T,PD3205,Keselamatan dan Kesehatan Kerja (K3),R0156,"","","","","","","","","","","","","","","","","","","","","","","","","",5
157,16/5/2026, 11.41.00,zNlxTNtfgfJ1xeOpZf8o,Ariani Amri, S.Pd., M.Pd.,PD3208,Peralatan Teknik,R0157,"","","","","","","","","","","","","","","","","","","","","","","","","",4.466666666666667
158,18/5/2026, 11.55.13,zNlxTNtfgfJ1xeOpZf8o,Fajar Ramadhan, S.Pd., M.T,PD3210,Data dan Sistem Informasi,R0158,"","","","","","","","","","","","","","","","","","","","","","","","","",4.6
159,18/5/2026, 11.57.28,zNlxTNtfgfJ1xeOpZf8o,Miftahul Hairia, S.Pd., M.Pd,PD3206,Aplikasi Komputer,R0159,"","","","","","","","","","","","","","","","","","","","","","","","","",3.8666666666666667
160,18/5/2026, 12.04.04,zNlxTNtfgfJ1xeOpZf8o,Fajar Ramadhan, S.Pd., M.T,PD3205,Keselamatan dan Kesehatan Kerja (K3),R0160,"","","","","","","","","","","","","","","","","","","","","","","","","",5
161,18/5/2026, 11.56.05,zNlxTNtfgfJ1xeOpZf8o,Miftahul Hairia, S.Pd., M.Pd,PD3206,Aplikasi Komputer,R0161,"","","","","","","","","","","","","","","","","","","","","","","","","",4.466666666666667
162,15/5/2026, 23.27.04,zNlxTNtfgfJ1xeOpZf8o,Fajar Ramadhan, S.Pd., M.T,PD3210,Data dan Sistem Informasi,R0162,"","","","","","","","","","","","","","","","","","","","","","","","","",4.933333333333334
163,18/5/2026, 11.54.47,zNlxTNtfgfJ1xeOpZf8o,Muslim Andi Yusuf, S.H., M.H,WUD2206,Pendidikan Kewarganegaraan,R0163,"","","","","","","","","","","","","","","","","","","","","","","","","",3.4